{
  "name": "26.1 The Rise of Franklin Roosevelt",
  "children": [
    {
      "name": "THE ELECTION OF FRANKLIN ROOSEVELT",
      "children": [
        {
          "name": " Hoover \u2019s popularity",
          "children": [
            {
              "name": " By 1932 presidential election, was at all - time low."
            }
          ]
        },
        {
          "name": " Franklin Roosevelt",
          "children": [
            {
              "name": ", though born to wealth and educated at best schools, offered change people sought."
            },
            {
              "name": " However, never wanted to be photographed in Franklin Roosevelt wheelchair or appear infirm in any way, for fear the public \u2019s sympathy would transform into concern over Franklin Roosevelt physical ability to discharge duties of Oval Office."
            },
            {
              "name": " also recognized need to convey to voting public Franklin Roosevelt was not simply another member of political aristocracy."
            },
            {
              "name": " Often, seemed as though Franklin Roosevelt would faint, and aide constantly remained nearby with chair in case Franklin Roosevelt fell."
            },
            {
              "name": " In contrast, thrived on campaign."
            }
          ]
        },
        {
          "name": " Hoover",
          "children": [
            {
              "name": " assumed at first Franklin Roosevelt would be easy to defeat, confident Franklin Roosevelt could never carry eastern states and business vote."
            }
          ]
        },
        {
          "name": " Many news accounts",
          "children": [
            {
              "name": " reported Franklin Roosevelt seemed physically unwell, with ashen face and shaking hands."
            }
          ]
        }
      ]
    },
    {
      "name": "THE INTERREGNUM",
      "children": [
        {
          "name": " country \u2014 and Hoover \u2014",
          "children": [
            {
              "name": " After landslide election, had to endure interregnum, difficult four months between election and President Roosevelt Congress did not pass single significant piece of legislation during period, although Hoover spent much of time trying to get President Roosevelt to commit publicly to legislative agenda of Hoover \u2019s choosing."
            }
          ]
        },
        {
          "name": " Hoover \u2019s inability",
          "children": [
            {
              "name": " to further drive legislative agenda through Congress."
            }
          ]
        },
        {
          "name": " President Roosevelt and President Roosevelt driver",
          "children": [
            {
              "name": " immediately rushed Cermak to hospital where Cermak died 19 days later."
            }
          ]
        },
        {
          "name": " how to take action on beliefs",
          "children": [
            {
              "name": " But was more in question."
            }
          ]
        },
        {
          "name": " we",
          "children": [
            {
              "name": " Save people and nation, and if have to change we minds twice every day to accomplish end, we should do end."
            }
          ]
        },
        {
          "name": " Adolph Berle",
          "children": [
            {
              "name": " was mediating influence, who often advised against centrally controlled economy, but did see role the federal government could play in mediating stark cycles of prosperity and depression, if left unchecked, could result in very situation in which country \u2019s presently found country \u2019s."
            }
          ]
        }
      ]
    },
    {
      "name": "INAUGURATION DAY: A NEW BEGINNING",
      "children": [
        {
          "name": " Roosevelt",
          "children": [
            {
              "name": " rode in open car along with outgoing president Hoover, facing public, as Roosevelt made Roosevelt way to U.S. Capitol."
            }
          ]
        },
        {
          "name": " Hoover \u2019s mood",
          "children": [
            {
              "name": " was somber, still personally angry over Hoover \u2019s defeat in general election previous November; Hoover \u2019s refused to crack smile at all during ride among crowd, despite Hoover \u2019s urging to contrary."
            }
          ]
        },
        {
          "name": " rain",
          "children": [
            {
              "name": " At very moment, stopped and sun began to shine directly on platform, and present would later claim it was as though God himself was shining down on Roosevelt and American people in moment( Figure 26.4)."
            }
          ]
        },
        {
          "name": " Any man who can talk in times",
          "children": [
            {
              "name": " like like is worth every ounce of support true American has."
            }
          ]
        }
      ]
    }
  ]
}